,Producto,Marca,Cantidad,Caloria,Grasa,Carbohidrato,Proteina
0,Filetes de Atún en Aceite de Oliva con Ajo,Gomes da Costa,por 3 cucharadas soperas (60g) ,124kcal,"6,10g","0,00g","17,00g"
1,Caballa en Aceite,Caracas ,por 1/4 taza de té (55g) ,125kcal,"10,00g","0,00g","8,30g"
2,Merluza en Aceite,Puglisi,por 3 cucharadas soperas) (60g) ,99kcal,"5,00g","0,00g","14,00g"
3,Aceite de Oliva Virgen Extra,La Toscana,por 1 cuchara sopera (13ml) ,108kcal,"12,00g","0,00g","0,00g"
4,Aderezo Italiano (Hecho con Aceite y Vinagre),Pennisi,por 1 cucharada ,43kcal,"4,17g","1,53g","0,06g"
5,Caballa en Aceite,Menoyo,por 3 cucharadas soperas (60g) ,156kcal,"11,00g","0,00g","14,00g"
6,Aceite de Oliva Extra Virgen,La Campagnola,por 1 cucharada (13ml) ,108kcal,"12,00g","0,00g","0,00g"
7,Atún en Aceite,Cocinero,por 3 cucharadas de sopa (60g) ,106kcal,"4,00g","2,50g","14,00g"
8,Aceite de Oliva Extra Virgen,Pennisi,por 1 cuchara sopera (13ml) ,108kcal,"12,00g","0,00g","0,00g"
9,Sardinas en Aceite,,por 3 cucharadas soperas (60g) ,132kcal,"9,10g","0,00g","12,00g"
10,Ravioles de Queso,Orali,por 1 taza ,285kcal,"10,72g","32,35g","13,58g"
11,Tapa para Pascualina,Don Vicente,por 1 rebanada (31g) ,106kcal,"4,00g","15,00g","2,10g"
12,Fideos Tirabuzón,Matarazzo,por 1 plato (80g) ,277kcal,"2,30g","54,00g","10,00g"
13,Macarrones Tomate,Mamá Cocina,por 100 g ,116kcal,"1,65g","21,06g","3,87g"
14,Macarrones con Queso Plato Principal (Enlatados),Matarazzo,por 1 porción ,200kcal,"6,00g","28,11g","8,25g"
15,Pasta Integral Cruda,Cooperativa,por 100 g ,338kcal,"2,00g","66,30g","12,94g"
16,Mostachol 3 Vegetales ,,por 1 plato (80g) ,262kcal,"0,80g","55,00g","8,80g"
17,Ñoquis de Espinaca,,por 1/2 taza (40g) ,139kcal,"1,20g","28,00g","4,10g"
18,Fideos Integrales,,por 1 plato (80g) ,275kcal,"1,30g","57,00g","9,00g"
19,Capellettis,,por 100g ,253kcal,"1,80g","49,00g","10,00g"
20,Mi Arroz Parboil,Cuisine & Co,por 1/4 taza (50g) ,162kcal,"0,00g","36,00g","3,40g"
21,Arroz Español,Molto,por 1 taza ,211kcal,"3,64g","40,68g","4,67g"
22,Nasi Goreng,Gallo,por 1 taza ,346kcal,"12,25g","44,95g","12,93g"
23,Arroz Largo Fino,Lucchetti,por 1/4 taza de té (50g) ,179kcal,"0,00g","40,00g","3,80g"
24,Chocobar de Arroz,Jumbo,por 1 barra (20g) ,89kcal,"4,90g","12,00g","1,80g"
25,Arroz Inflado,Risky Dit,por 100 g ,383kcal,"0,90g","87,77g","7,00g"
26,Arroz Largo Fino,,por 1/4 taza (50g) ,170kcal,"0,00g","39,00g","3,40g"
27,"Arroz Blanco (de Grano Medio, Cocido)",,por 1 taza ,242kcal,"0,39g","53,18g","4,43g"
28,Galletas de Arroz,,por 3 galletas (30g) ,110kcal,"0,50g","24,00g","2,30g"
29,Tostadas de Arroz,,por 4 tostadas (30g) ,104kcal,"0,50g","23,00g","1,90g"
30,Molino Natural - 10 Semillas,Okebon,por 2 galletitas (27g) ,123kcal,"5,00g","17,00g","2,00g"
31,Semillas de Girasol,Genser,por 100g ,593kcal,"51,00g","12,00g","20,00g"
32,Semillas de Girasol,Pipas,por 1 paquete (15g) ,90kcal,"7,90g","1,00g","3,80g"
33,Pan Lacteado con Semillas,Veneziana,por 2 rebanadas (50g) ,131kcal,"3,50g","20,00g","4,90g"
34,Semillas de Girasol Peladas,Pipas,por 1 porción (15g) ,90kcal,"7,90g","1,00g","3,80g"
35,Pan Negro con Semillas de Lino,Carrefour,por 2 rebanadas (50g) ,105kcal,"1,00g","20,00g","3,80g"
36,Galletitas Multicereal con Semillas,Carrefour,por 4 galletitas (30g) ,127kcal,"4,60g","18,00g","3,50g"
37,Semillas de Quinoa,Yin Yang,por 1/4 taza (45g) ,163kcal,"2,90g","27,00g","7,20g"
38,Bizcochitos Integrales con Semillas de Girasol,Granix,por 9 galletitas (30g) ,145kcal,"7,50g","16,00g","3,30g"
39,Semillas de Chía,Genser,por 1 cucharada sopera (15g) ,61kcal,"4,90g","0,60g","3,50g"
40,Harina Integral de Trigo Sarraceno,Semillas Gauchas,por 1/4 taza (50g) ,167kcal,"1,50g","35,00g","6,70g"
41,Rebozador de Arroz,Natuzen,por 3 cucharadas soperas (30g) ,111kcal,"0,80g","23,00g","2,20g"
42,Harina de Sustitución de las Proteínas en Polvo,Sturla,por 1 cucharada ,107kcal,"0,13g","20,96g","5,81g"
43,Harina de Quinoa,Dia,por 1/2 taza (50g) ,170kcal,"3,70g","27,00g","7,00g"
44,Galletas Scons,,por 3 galletas (30g) ,172kcal,"7,10g","26,00g","2,20g"
45,Arepa de Choclo,,por 1 unidad ,195kcal,"3,35g","33,81g","6,52g"
46,Arepa con Queso,,por 1 unidad ,212kcal,"4,97g","33,75g","7,39g"
47,Pan de Harina de Avena,,por 1 tajada ,73kcal,"1,19g","13,10g","2,27g"
48,Harina de Trigo Blanco (Multi Usos),,por 100 g ,364kcal,"0,98g","76,31g","10,33g"
49,Harina de Soja,,por 100 g ,434kcal,"20,65g","31,93g","37,80g"
50,Maní Salado sin Piel,Croppers,por 100g ,601kcal,"49,00g","15,00g","25,00g"
51,Barritas de Arroz Saladas,Crowie,por 8 unidades (30g) ,111kcal,"0,80g","25,00g","1,00g"
52,Galletitas Saladas Sabor Queso,Urquiza,por 7 galletitas (30g) ,116kcal,"4,00g","17,00g","3,00g"
53,Galletitas Saladas Sabor Cebolla,Urquiza,por 1 porción (30g) ,109kcal,"2,80g","18,00g","2,90g"
54,Molino Natural Naranja y Chips de Chocolate ,Okebon,por 2 galletas (26g) ,120kcal,"4,70g","18,00g","1,90g"
55,Aritos de Avena y Miel,3 Arroyos,por 100g ,380kcal,"3,40g","82,00g","5,20g"
56,Cookie Bar Avena y Miel,Bimbo,por 1 barrita (20g) ,90kcal,"3,40g","13,00g","1,80g"
57,Harina de Algarroba ,Yin Yang,por 1/2 taza (50g) ,160kcal,"0,70g","37,00g","1,10g"
58,Avena Arrollada Instantánea,Elio,por 1 porción (30g) ,117kcal,"1,60g","20,00g","5,70g"
59,Barra Girasol y Arándanos,Integra,por 1 porción (43g) ,145kcal,"5,00g","18,00g","7,00g"
60,Galletas de Avena con Manzana,Quaker,por 3 galletas (30g) ,115kcal,"4,60g","16,00g","2,00g"
61,Avena Instantánea,Cuisine & Co,por 2 cucharadas (30g) ,103kcal,"2,50g","16,00g","4,00g"
62,Avena Extrafina ,Granix,por 1/2 taza (40g) ,141kcal,"2,80g","24,00g","5,00g"
63,Avena Tradicional,3 Arroyos,por 100g ,365kcal,"8,60g","60,00g","12,00g"
64,Tarta de Atún,My Urban Food,por 1 envase (250g) ,378kcal,"18,00g","27,00g","28,00g"
65,Atún en Trozos al Natural con Caldo Vegetal,Gomes da Costa,por 3 cucharadas soperas (60g) ,54kcal,"0,70g","0,00g","12,00g"
66,Makis de Atún,Dia,por 1 maki ,26kcal,"0,07g","4,92g","1,17g"
67,Atún Desmenuzado al Natural,Gomes da Costa,por 3 cucharadas de sopa (60g) ,41kcal,"0,60g","0,00g","8,90g"
68,Atún en Trozos en Aceite con Caldo Vegetal,Puglisi,por 3 cucharas soperas (60g) ,92kcal,"3,80g","0,00g","15,00g"
69,Atún al Natural,La Anónima,por 3 cucharadas de sopa (60g) ,76kcal,"2,00g","0,00g","15,00g"
70,Lomitos de Atún al Natural,Noel,por 3 cucharas de sopa (60g) ,60kcal,"0,50g","0,00g","15,00g"
71,Atún Desmenuzado al Natural,Carrefour,por 3 cucharadas (60g) ,46kcal,"0,70g","2,40g","7,40g"
72,Ensalada de Macarrones u Otra Pasta con Atún,,por 1 taza ,335kcal,"16,18g","34,50g","12,51g"
73,Atún Desmenuzado en Aceite y Agua,,por 3 cucharas de sopa (60g) ,100kcal,"5,00g","0,00g","13,00g"
74,Caballa en Aceite y Agua,La Campagnola,por 3 cucharadas de sopa (60g) ,172kcal,"14,00g","0,00g","12,00g"
75,Aceto Balsámico Tipo Reducción,Casalta,por 1 cuchara de sopa (10ml) ,27kcal,"0,00g","6,50g","0,00g"
76,Aceto Balsámico,Casalta,por 1 cuchara de sopa (10ml) ,11kcal,"0,00g","2,50g","0,00g"
77,Pan con Salvado,La Cabaña,por 2 rebanadas (48g) ,126kcal,"1,60g","23,00g","4,80g"
78,Crema de Leche,La Cabaña,por 1 porción (15ml) ,60kcal,"6,40g","0,30g","0,30g"
79,Jamon Cocido,Cabaña Argentina,por 2 fetas (40g) ,41kcal,"1,20g","1,70g","5,80g"
80,Dulce de Frambuesa,Cabaña Mico,por 1 cucharada sopera (20g) ,58kcal,"0,00g","14,20g","0,00g"
81,Manteca,La Cabaña,por 1 cucharada sopera (10g) ,74kcal,"8,20g","0,00g","0,00g"
82,Fiambre de Cerdo Cocido,Cabaña Argentina,por 2 fetas (40g) ,47kcal,"2,20g","2,20g","4,50g"
83,Dulce de Mosqueta,Cabaña Mico,por 1 cucharada  (20g) ,55kcal,"0,00g","13,70g","0,00g"
84,Gelatina de Pata,Paty,por 1 porción ,60kcal,"0,10g","13,36g","1,40g"
85,Arroz con Pato,Paty,por 1 plato ,421kcal,"10,51g","60,07g","18,69g"
86,Pata de Res,Paty,por 100 g ,152kcal,"5,75g",0g,"23,42g"
87,Pato Asado‎ (sin Comer la Piel),Swift,por 100 g ,200kcal,"11,15g",0g,"23,38g"
88,Paty 72,Swift,por 1 hamburguesa (72g) ,181kcal,"14,00g","0,00g","13,00g"
89,Paty Express,Bocatti,por 1 medallón (69g) ,199kcal,"17,00g","0,00g","12,00g"
90,Paty con Cebolla,,por 100g ,251kcal,"18,00g","4,70g","17,00g"
91,Pate Jamon Ahumado,,por 1 cucharada de té (10g) ,27kcal,"2,60g","0,00g","0,80g"
92,Pate de Foie,,por 1 cucharada de te (10g) ,22kcal,"2,00g","0,00g","1,00g"
93,Pate al Champignon,,por 1 cuchara de té (10g) ,33kcal,"3,10g","0,00g","1,30g"
94,Tomates Peritas ,Arcor,por 1/2 taza de té (130g) ,23kcal,"0,00g","4,50g","0,90g"
95,Salchicha o Perro Caliente con Salsa de Tomate y / o Mostaza,,por 1 salchicha en pan ,284kcal,"16,59g","22,85g","10,24g"
96,Salsa de Soya Reducida de Sodio,Vanoli,por 1 cucharada ,8kcal,"0,01g","1,36g","0,83g"
97,Salsa Fileto Light,Knorr,por 1 cucharada de sopa (60g) ,13kcal,"0,00g","2,50g","0,60g"
98,Salsa Lista Bolognesa,Aguila,por 3 cucharadas de sopa (60g) ,20kcal,"0,00g","3,80g","1,10g"
99,Nut Sabor Avellana,Knorr,por 100g ,535kcal,"33,00g","52,00g","8,00g"
100,Mostacholes con Salsa Napolitana,Molto,por 1 plato hondo (73g) ,251kcal,"1,70g","51,00g","7,60g"
101,"Pollo o Pavo y Verduras en Salsa de Soja (Incluyendo Zanahorias y Brócoli, sin Papas)",Knorr,por 1 taza ,180kcal,"8,59g","9,28g","15,86g"
102,Salsa Pizza,Benidorm,por 1 porción  (60g) ,26kcal,"0,00g","5,20g","0,00g"
103,Salsa Lista Pizza,,por 3 cucharadas de sopa (60g) ,16kcal,"0,00g","3,40g","0,60g"
104,Salsa de Soja (Tamari),,por 1 cucharada ,11kcal,"0,02g","1,00g","1,89g"
105,Salsa Golf,,por 1 cucharada (12g) ,34kcal,"3,20g","1,20g","0,00g"
106,Milanesas de Choclo,San Silvestre,por 1 milanesa (80g) ,153kcal,"0,00g","34,00g","4,30g"
107,Granos de Choclo Amarillo Enteros,Caracas ,por 1 porción (130g) ,107kcal,"1,60g","19,00g","3,80g"
108,Choclo,Best,por 1 taza de te  (130g) ,52kcal,"0,00g","11,00g","2,10g"
109,Choclo Amarillo Entero,Noel,por 1/2 taza de té (130g) ,77kcal,"3,30g","11,00g","3,30g"
110,Choclo en Granos,Bahia,por 1 taza de té (130g) ,106kcal,"1,60g","19,00g","3,80g"
111,Sopa Quick Crema Choclo a la Manteca,Knorr,por 1 sobre (15g) ,57kcal,"1,60g","9,80g","0,80g"
112,Choclo Amarillo,Ciudad del Lago,por 100g ,54kcal,"1,00g","8,20g","3,10g"
113,Choclo,Canale,por 1/2 taza de té (130g) ,96kcal,"1,60g","17,00g","2,90g"
114,Choclo,Green Life,por 1/2 plato (130g) ,106kcal,"1,60g","18,00g","4,90g"
115,Choclo Blanco Tipo Cremoso,Ciudad del Lago,por 1 porción (116g) ,80kcal,"0,00g","18,00g","2,00g"
116,Arvejas Partidas,Olinto,por 1/2 taza (50g) ,156kcal,"0,00g","28,00g","11,00g"
117,Arvejas Secas Remojadas,La Colina,por 1/2 taza de té (130g) ,103kcal,"0,00g","18,00g","6,00g"
118,Arvejas,Cooperativa,por 1 taza de te (103g) ,100kcal,"1,10g","16,00g","6,40g"
119,Milanesas de Arvejas,Via Veg,por 1 unidad (110g) ,207kcal,"2,00g","39,00g","8,20g"
120,Torrejas de Arvejas con Espinaca,Molé,por 1/4 paquete (50g) ,141kcal,"1,80g","26,00g","5,00g"
121,Arvejas ,La Banda,por 1 taza de té (130g) ,129kcal,"0,60g","23,00g","7,80g"
122,Arvejas,Great Value,por 1 taza de té (130g) ,122kcal,"0,00g","21,00g","9,50g"
123,Arvejas sin Sal,Cooperativa,por 1/2 lata (130g) ,64kcal,"0,00g","12,00g","4,00g"
124,Arvejas,Carrefour,por 1 porción (130g) ,142kcal,"0,70g","25,00g","8,70g"
125,Fusilli de Arveja,Makarona,por 1 plato (80g) ,256kcal,"0,00g","46,00g","18,00g"
126,Veggies Lentejas y Arroz Yamaní,Granja del Sol,por 1 hamburguesa (105g) ,182kcal,"0,90g","35,00g","9,00g"
127,Lentejas,Morixe,por 1/2 taza (60g) ,170kcal,"0,60g","28,00g","13,00g"
128,Lentejas,Marolio,por 1/2 taza de té (60g) ,210kcal,"0,70g","36,00g","15,00g"
129,Lentejas,Mister Food,por 1/2 taza (60g) ,142kcal,"0,70g","18,00g","16,00g"
130,Lentejas con Arroz,Ciudad del Lago,por 1 plato ,445kcal,"16,47g","60,48g","14,49g"
131,Lentejas Secas Remojadas,Primer Precio,por 1 taza de té (130g) ,102kcal,"0,00g","18,00g","7,50g"
132,Lentejas,Primer Precio,por 1 porción (130g) ,103kcal,"0,00g","18,00g","7,50g"
133,Lentejas Secas ,Verizzia,por 1 taza de té (60g) ,194kcal,"0,00g","32,00g","16,00g"
134,Lentejas,Arcor,por 1 porción (60g) ,173kcal,"0,60g","28,00g","14,00g"
135,Lentejas,,por 100g ,85kcal,"0,00g","13,00g","7,80g"
136,Porotos,Doña Pupa,por 1 taza (130g) ,129kcal,"1,00g","19,00g","11,00g"
137,Porotos,Jumbo,por 1/2 taza de té (60g) ,152kcal,"0,60g","22,00g","14,00g"
138,Porotos con Riendas,Wakas,por 1 taza ,434kcal,"13,21g","61,11g","20,05g"
139,Pasta de Legumbres Poroto,Alco,por 100g ,379kcal,"4,00g","62,00g","24,00g"
140,Porotos,Elio,por 1/2 taza (130g) ,109kcal,"0,00g","21,00g","5,00g"
141,Porotos Alubia,COTO,por 1/2 taza (60g) ,157kcal,"0,50g","44,00g","14,00g"
142,Porotos Negros,La Egipciana,por 1/4 taza de té (60g) ,209kcal,"1,00g","35,00g","15,00g"
143,Porotos Colorados,Carrefour,por 1 porción (60g) ,210kcal,"0,90g","34,00g","16,00g"
144,Porotos Alubia ,Sytari,por 1/2 taza de té (60g) ,152kcal,"0,60g","22,00g","14,00g"
145,Porotos Bolita,,por 1 taza de té (60g) ,152kcal,"1,00g","24,00g","12,00g"
146,Harina de Garbanzo,Makarona,por 100 g ,387kcal,"6,69g","57,82g","22,39g"
147,Fideos de Garbanzo,Nutrileza,por 1 plato (80g) ,279kcal,"6,00g","32,00g","24,00g"
148,"Hamburguesa Orégano, Garbanzo y Mostaza ",La Egipciana,por 1 unidad  (90g) ,88kcal,"0,00g","18,00g","4,00g"
149,Arvejas Partidas,Ramoneda,por 1/2 taza (60g) ,205kcal,"0,60g","37,00g","13,00g"
150,Garbanzos,Alco,por 1/2 taza (60g) ,215kcal,"3,00g","36,00g","12,00g"
151,Garbanzos,Makarona,por 1 porción (130g) ,155kcal,"2,60g","25,00g","7,80g"
152,Fusilli De Garbanzo,Carrefour,por 1 plato (80g) ,274kcal,"6,00g","43,00g","13,00g"
153,Porotos Secos Remojados,Doña Pupa,por 1/2 taza de té (130g) ,106kcal,"0,00g","19,00g","8,00g"
154,Jardinera,Okey,por 1 taza de producto escurrido (130g) ,98kcal,"0,00g","20,00g","4,60g"
155,Garbanzos,,por 1 porción (130g) ,146kcal,"2,70g","22,00g","8,50g"
156,Arvejas,La Campagnola,por 100g ,110kcal,"0,50g","20,00g","6,30g"
157,Porotos con Mazamorra,Carrefour,por 100 g ,107kcal,"3,16g","16,95g","4,67g"
158,Fabada,San Remo,por 100 g ,162kcal,"8,84g","14,94g","6,37g"
159,Vainicas,Egran,por 100 g ,31kcal,"0,12g","7,13g","1,82g"
160,Chifrijo,,por 1 taza ,361kcal,"9,02g","50,18g","19,26g"
161,Soja Texturizada,,por 100 g ,330kcal,"1,22g","38,37g","47,01g"
162,Arroz con Habichuela,,por 100 g ,140kcal,"5,10g","20,90g","2,53g"
163,Garbanzos Secos Remojados,,por 1 taza de té (130g) ,115kcal,"2,30g","17,00g","6,60g"
164,Porotos,,por 1/2 taza de té (130g) ,115kcal,"1,00g","19,00g","11,00g"
165,Porotos Bolita,,por 1/2 taza de té (60g) ,155kcal,"1,00g","24,00g","12,00g"
166,Cazuela de Atún con Verduras y Crema de Champiñones,Knorr,por 1 taza ,381kcal,"19,13g","22,02g","29,25g"
167,Caldo de Pescado,Knorr,por 1 taza ,39kcal,"1,46g","0,98g","4,88g"
168,Sopa de Tomate (Preparada con Agua),,por 1 taza ,76kcal,"0,71g","16,84g","2,03g"
169,Porotos con Tallarines,,por 1 taza ,256kcal,"7,85g","38,22g","9,62g"
170,Quick Consome con Cubitos de Pan Tostado,,por 1 sobre (11g) ,42kcal,"1,70g","6,00g","0,80g"
171,Sopa Wantán,,por 1 taza ,181kcal,"7,06g","14,24g","14,17g"
172,Menudo,,por 1 taza ,104kcal,"4,63g","9,37g","6,36g"
173,"Gumbo (Tipo New Orleans con Mariscos, Carne de Cerdo y / o Aves de Corral, Tomates y Quimbombó)",,por 1 taza ,178kcal,"8,39g","11,10g","14,57g"
174,Caldo de Verduras Light sin Calorias,,por 1 sobre (3g) ,0kcal,"0,00g","0,00g","0,00g"
175,Sopa de Miso,,por 1 taza ,84kcal,"3,36g","7,78g","6,02g"
176,Relleno Mezcla para Chocotorta,La Serenísima,por 1 cuchara de sopa (20g) ,45kcal,"1,40g","7,20g","0,90g"
177,Alfajor Relleno Sabor Frutilla,Alfa Pampa,por 1 unidad (39g) ,196kcal,"9,80g","25,00g","1,80g"
178,Bombón de Chocolate Relleno,Benot,por 1 bombón  (17g) ,31kcal,"1,00g","10,00g","0,00g"
179,Relleno para Chocotorta,La Serenísima,por 1 porción (20g) ,45kcal,"1,40g","7,20g","0,90g"
180,Relleno de Vegetales para Tarta,Maglia,por 100g ,54kcal,"0,30g","10,00g","2,70g"
181,Obleas Rellenas Sabor Limón ,Oblita,por 1 porción (30g) ,150kcal,"8,00g","20,00g","1,50g"
182,Obleas Rellenas Sabor Chocolate,Dia,por 4 1/2 obleas (30g) ,144kcal,"6,50g","20,00g","1,90g"
183,Pudding Relleno con Marroc,100 Ducados ,por 100g ,368kcal,"17,00g","50,00g","4,80g"
184,Magdalenas Rellenas con Chocolate,Pozo,por 1 unidad (32g) ,132kcal,"6,00g","21,00g","1,00g"
185,Galletitas Rellenas de Chocolate,Maná,por 2 galletitas (25g) ,115kcal,"4,00g","18,00g","1,80g"
186,Palmeritas,,por 1 unidad ,120kcal,"6,85g","13,47g","1,32g"
187,Torta Tres Leches,,por 1 tajada ,375kcal,"11,73g","60,90g","7,80g"
188,Suspiro Limeño,,por 1 porción ,229kcal,"7,31g","33,59g","6,39g"
189,Algodón de Azúcar,,por 1 barra ,110kcal,"0,06g","27,44g","0,00g"
190,Cupcake,,por 1 pieza ,227kcal,"10,93g","29,77g","3,03g"
191,Gofre,,por 1 unidad ,218kcal,"10,54g","24,79g","5,92g"
192,Queque,,por 1 porción ,151kcal,"7,29g","19,85g","2,02g"
193,Bavarois,,por 1 porción ,145kcal,"9,71g","13,31g","1,58g"
194,Mochi,,por 1 unidad ,188kcal,"0,13g","45,47g","1,56g"
195,Gachas,,por 1 porción ,437kcal,"12,71g","75,61g","6,08g"
196,Alfajor Dulce de Leche,Chammas,por 1 unidad (40g) ,153kcal,"7,10g","21,20g","1,00g"
197,Dulce de Leche Dietético,Los Nietitos,por 1 cucharada sopera (20g) ,30kcal,"0,00g","4,70g","1,60g"
198,Dulce de Leche,La Suipachense,por 1 cucharada sopera (20g) ,64kcal,"2,30g","9,00g","1,40g"
199,Dulce de Leche,Singluko,por 1 cucharada sopera (20g) ,32kcal,"0,50g","5,80g","1,00g"
200,Conito de Dulce de Leche,Jorgito,por 1 porción (34g) ,122kcal,"4,20g","19,00g","2,00g"
201,Dulce de Leche Light,SanCor,por 1 cucharada sopera (20g) ,55kcal,"0,00g","12,00g","1,30g"
202,Sublime Dulce de Leche,SanCor,por 100g ,159kcal,"3,50g","28,00g","3,90g"
203,"Lomo de Res (Magro, Cortado a 0,5 Cm de Grasa)",Beepure,por 100 g ,169kcal,"8,85g","0,00g","20,78g"
204,Dulce de Leche sin Azucar,,por 1 cuchara de sopa (20g) ,43kcal,"0,50g","12,00g","1,19g"
205,"Lomo de Res (Magro, Recortado a 0,3 Cm de Grasa)",,por 100 g ,127kcal,"3,54g","0,00g","22,27g"
206,Mermelada Light de Damasco,Arcor,por 1 cucharada de sopa (20g) ,27kcal,"0,00g","7,00g","0,00g"
207,Mermelada de Higo,El Brocal,por 1 cucharada (20g) ,51kcal,"0,00g","12,00g","0,30g"
208,Mermelada Frutos Rojos,Dia,por 1 cucharada (20g) ,50kcal,"0,00g","13,00g","0,00g"
209,Mermelada de Durazno Light,El Brocal,por 1 cucharada  ,32kcal,"0,00g","8,20g","0,00g"
210,Mermelada de Durazno sin Azucar,Orieta,por 1 cucharada sopera (20g) ,26kcal,"0,00g","7,00g","0,00g"
211,Mermelada de Frutilla,Best,por 1 cuchara de sopa (20g) ,53kcal,"0,00g","13,00g","0,00g"
212,Mermelada de Durazno con Semillas,Cuarto Creciente,por 1 cucharada (20g) ,10kcal,"0,32g","1,60g","0,20g"
213,Mermelada de Frutilla ,La Campagnola,por 1 cucharada de sopa (20g) ,55kcal,"0,00g","14,00g","0,00g"
214,Mermelada de Arándano Light,Canale,por 1 cucharada sopera (20g) ,31kcal,"0,00g","6,80g","0,70g"
215,Mermelada de Frutilla,Arcor,por 1 cucharada sopera (20g) ,52kcal,"0,00g","13,00g","0,00g"
216,Stax,Lay's,por 100g ,530kcal,"32,00g","57,00g","3,60g"
217,Papas Fritas sin Sal,Primer Precio,por 1 porción (25g) ,130kcal,"8,00g","13,00g","1,50g"
218,Crema Ácida y Papas Fritas con Sabor a Cebolla,Dia,por 100 g ,531kcal,"33,90g","51,50g","8,10g"
219,Potato Crisps Sabor Crema y Cebolla,Lay's,por 14 unidades (25g) ,135kcal,"8,00g","14,00g","1,00g"
220,Restó Lomo con Cebolla Caramelizada,3D,por 1 porción (25g) ,126kcal,"7,90g","12,00g","1,80g"
221,Megatube Mega Queso,,por 1 taza de té (25g) ,132kcal,"7,90g","14,00g","1,30g"
222,Galletas de Azúcar (Incluye Vainilla),,por 1 galleta ,72kcal,"3,16g","10,18g","0,76g"
223,Galletas (con Relleno de Vainilla),,por 1 roscón ,48kcal,"2,00g","7,21g","0,45g"
224,Galletas de Chocolate (con Mantequilla),,por 1 mediana ,78kcal,"4,54g","9,31g","0,91g"
225,Pasta de Trigo Entero Seco,,por 100 g ,348kcal,"1,40g","75,03g","14,63g"
226,Pizza de Pepperoni (36 Cm),,por 1 tajada ,298kcal,"12,13g","33,98g","13,32g"
227,"Sustituto de Crema (Ligero, Líquido)",,por 1 taza ,167kcal,"8,47g","22,02g","1,94g"
228,Crema Agria (de Cultivo),,por 1 cucharada ,26kcal,"2,52g","0,51g","0,38g"
229,Fondue de Queso,,por 1 taza ,492kcal,"28,96g","8,11g","30,59g"
230,Corazón de Pollo,,por 100 g ,153kcal,"9,33g","0,71g","15,55g"
231,Carne Molida de Avestruz,,por 100 g ,165kcal,"8,70g","0,00g","20,22g"
232,Manteca de Maní,Sytari,por 1 cucharada (15g) ,91kcal,"6,80g","4,00g","3,40g"
233,Turrón de Mani,Body Vida,por 1 turrón (20g) ,88kcal,"3,00g","15,00g","1,00g"
234,Maní con Chocolate,Georgalos,por 2 1/2 cucharada de sopa (25g) ,145kcal,"10,00g","9,00g","5,00g"
235,Barra Crocante de Arroz Inflado con Maní y Miel,Egran,por 1 barra (20g) ,84kcal,"1,30g","17,00g","1,10g"
236,Maní Salado sin Piel,Croppers,por 100g ,601kcal,"49,00g","15,00g","25,00g"
237,Crema de Maní Proteica ,Byour Food,por 1 cucharada (17g) ,95kcal,"7,70g","1,50g","4,90g"
238,Maní Crocante,Mani King,por 100g ,464kcal,"24,00g","47,00g","15,00g"
239,Crema de Maní Natural,Hardy,por 1 cucharada de sopa (25g) ,119kcal,"9,90g","2,70g","4,80g"
240,Garrapiñadas de Maní,Bonafide,por 25 unidades ,115kcal,"4,40g","16,00g","2,40g"
241,Frutos Mezclados Tostados con Maní,,por 1 porción de 10 frutos secos variados ,86kcal,"7,89g","3,00g","2,35g"
242,Galletitas Dulces,Alfa Pampa,por 1 unidad (19g) ,78kcal,"4,40g","9,00g","0,80g"
243,Pan Dulce de Canela (con Crema de Vainilla),Cachafaz,por 1 rollo ,100kcal,"3,66g","15,48g","1,50g"
244,Maíz Dulce,Carrefour,por 100 g ,86kcal,"1,18g","19,02g","3,22g"
245,Galletitas,Rocklets,por 2 galletitas (25g) ,101kcal,"4,50g","13,00g","2,20g"
246,Galletitas Dulces Multifruta,Ser,por 3 unidades (35g) ,153kcal,"5,40g","24,00g","2,00g"
247,Galletitas ,9 de Oro,por 3 galletitas (32g) ,153kcal,"6,50g","22,00g","2,00g"
248,Masa de Pan Dulce Rellena de Carne (al Vapor),Frutigran,por 1 manapua ,215kcal,"8,89g","21,74g","10,76g"
249,Galletitas Dulces Sabor Vainilla,,por 8 galletitas (32g) ,127kcal,"2,40g","23,00g","2,90g"
250,Bizcochos de Arroz Dulces,,por 18 galletas (25g) ,95kcal,"0,00g","22,00g","1,70g"
251,Galletitas Dulces con Salvado,,por 2 galletas (30g) ,130kcal,"4,50g","20,00g","2,30g"
252,Palomitas de Maíz con Sabor a Queso,,por 1 taza ,58kcal,"3,65g","5,68g","1,02g"
253,Imitación del Cangrejo Rey de Alaska (a Partir de Surimi),,por 100 g ,102kcal,"1,31g","10,22g","12,02g"
254,Barras de Granola Blandas Recubiertas con Chispas de Chocolate,,por 1 barra ,163kcal,"8,72g","22,33g","2,03g"
255,Chips de Tortilla (de Maíz Blanco),,por 100 g ,488kcal,"23,36g","65,32g","7,79g"
256,Pan Dulce de Canela (con Crema de Vainilla),,por 1 rollo ,100kcal,"3,66g","15,48g","1,50g"
257,Pan de Maíz (Bollo de Maíz) (Mezcla Seca),,por 100 g ,418kcal,"12,20g","69,50g","7,00g"
258,"Polvo de Hornear (Fosfato Directamente, de Doble Efecto)",,por 1 cucharadita ,2kcal,"0,00g","1,11g","0,00g"
259,Panecillos de Salvado de Avena,,por 1 mediano ,305kcal,"8,36g","54,58g","7,91g"
260,Pastel de Merengue de Limón,,por 1 trozo ,362kcal,"16,38g","49,66g","4,83g"
261,Garrapiñadas de Almendras,,por 100 g ,472kcal,"17,50g","68,69g","10,00g"
262,"Arroz Blanco (de Grano Corto, Cocido)",Rincon Integral,por 1 taza ,242kcal,"0,35g","53,44g","4,39g"
263,Sándwich de Galletas de Chocolate (con Crema de Relleno),Arrocitas,por 1 galleta ,47kcal,"1,91g","7,16g","0,53g"
264,Chispas de Chocolate para Galletas (con Margarina),,por 1 mediana ,78kcal,"4,53g","9,34g","0,91g"
265,Galletas de Chocolate,,por 1 oblea ,26kcal,"0,85g","4,34g","0,40g"
266,Galletas de Arroz Integral con Sal,,por 4 galletas (30g) ,112kcal,"0,70g","24,00g","2,40g"
267,"Suero de Mantequilla o Galletas (Mezcla Seca, Preparada)",,por 100 g ,335kcal,"12,10g","48,40g","7,30g"
268,"Carne Molida de Res (95% Magra / 5% de Grasa, Empanada, Cocido, Asado a la Parrilla)",,por 1 porción ,145kcal,"5,57g","0,00g","22,35g"
269,Tortas de Arroz Integral Multicereales,,por 1 torta ,35kcal,"0,32g","7,21g","0,76g"
270,Galletas de Arroz Yamani Trigo y Avena,,por 4 galletas (26g) ,100kcal,"0,90g","20,00g","2,60g"
271,Tortas de Arroz Integral,,por 1 torta ,35kcal,"0,25g","7,34g","0,74g"
272,Tostadas con Fibras y Semillas,Carrefour,por 3 1/2 tostadas (30g) ,116kcal,"2,10g","21,00g","3,40g"
273,Tostadas Light,Bauducco,por 3 tostadas (30g) ,92kcal,"1,30g","17,00g","3,00g"
274,Tostadas de Pan Light,COTO,por 3 unidades (30g) ,108kcal,"0,90g","22,00g","3,50g"
275,Tostadas Light Saladas,Veneziana,por 3 tostadas (30g) ,110kcal,"1,30g","22,00g","3,00g"
276,Tostadas Dietéticas Salvado y Chia,Fitz Roy,por 4 tostadas (30g) ,123kcal,"0,00g","22,00g","5,00g"
277,Tostadas con Salvado con Gluten,Fargo,por 2 tostadas (30g) ,112kcal,"1,00g","21,00g","4,40g"
278,Tostadas Dietéticas,Fitz Roy,por 4 tostadas (30g) ,108kcal,"0,00g","22,00g","4,00g"
279,Tostadas Dulces,Bimbo,por 5 unidades (30g) ,117kcal,"1,60g","22,00g","3,70g"
280,Tallarin,Best,por 1 plato (80g) ,283kcal,"2,10g","57,00g","8,80g"
281,Tostadas de Arroz Multi Semillas,Lulemuu,por 12 tostadas (30g) ,109kcal,"0,90g","23,00g","1,80g"
282,Mocha Frappuccino (Tall),Starbucks,por 1 porción (354ml) ,280kcal,"11,00g","43,00g","5,00g"
283,Carajillo,Nescafé Dolca,por 1 taza de café ,92kcal,"0,02g","3,41g","0,15g"
284,Café Moka,Bonafide,por 1 mediano ,394kcal,"9,14g","66,97g","10,94g"
285,Capuchino,Nescafé Dolce Gusto,por 1 taza ,74kcal,"3,98g","5,81g","4,08g"
286,Café Helado con Crema,Nescafé Dolce Gusto,por 1 taza de café ,26kcal,"1,47g","2,91g","0,39g"
287,Cortado,,por 3 cucharadas de té (10g) ,39kcal,"0,50g","7,00g","1,90g"
288,Sensaciones Torrado Intenso,,por 1 cuchara de sopa (5g) ,10kcal,"0,00g","1,50g","0,00g"
289,Cappuccino,,por 1 cápsula leche  ,82kcal,"4,00g","8,00g","3,60g"
290,Chai Latte,,por 1 mediana ,264kcal,"6,38g","44,86g","7,95g"
291,Mocha,,por 1 porción (27g) ,119kcal,"5,10g","13,00g","5,50g"
292,Paté de Foie,San Remo,por 1 cucharada de té (10g) ,18kcal,"1,20g","0,60g","1,20g"
293,Paté de Foie con Pimienta Verde,Swift,por 1 cucharada de té (10g) ,32kcal,"3,10g","0,00g","0,80g"
294,Paté de Salmón,Swift,por 1 cucharada de té (10g) ,26kcal,"2,40g","0,00g","0,90g"
295,Paté de Atún,Carrefour,por 1 cuchara de té (10g) ,26kcal,"1,90g","0,90g","1,50g"
296,Té Verde,La Virginia,por 1 saquito (2g) ,0kcal,"0,00g","0,00g","0,00g"
297,Levité Cero,Villa del Sur,por 1 vaso (200ml) ,0kcal,"0,00g","0,00g","0,00g"
298,Mermelada Dietética de Arándanos ,Trini,por 1 cuharada sopera (20g) ,18kcal,"0,00g","6,00g","0,00g"
299,Alfajor Dietético ,Ceral,por 1 unidad (45g) ,100kcal,"2,30g","17,30g","2,40g"
300,Levité,Villa del Sur,por 1 vaso (200ml) ,69kcal,"0,00g","17,00g","0,00g"
301,Mermelada Dietética Frutilla,Cuarto Creciente,por 1 cucharada (20g) ,6kcal,"0,00g","1,30g","0,11g"
302,Jamón Ahumado de Miel (Cocidos),Taragüi,por 100 g ,122kcal,"2,37g","7,27g","17,93g"
303,Carne de Pavo Molida (Cocida),Lario,por 100 g ,235kcal,"13,15g","0,00g","27,36g"
304,"Tocino (Curado, Frito, Cocido)",,"por 1 tajada, cocida ",42kcal,"3,18g","0,12g","3,03g"
305,Caldo de Pescado,,por 1 taza ,39kcal,"1,46g","0,98g","4,88g"
306,"Pechuga de Pavo con la Piel Incluída (Cocida, Asada)",,por 100 g ,189kcal,"7,41g","0,00g","28,71g"
307,Brócoli Cocido (Fresco),,"por 1 taza, tallos cortados frescos ",87kcal,"4,33g","11,24g","3,70g"
308,"Alitas de Pollo con la Piel(a la Parrilla, Freídas o Cocidas)",,"por 1 ala, deshuesada ",99kcal,"6,62g","0,00g","9,13g"
309,"Carne de Pollo Magra (a la Parrilla, Asada, Cocida)",,por 100 g ,153kcal,"4,07g","0,00g","27,13g"
310,Yerba Mate,,por 1 porción (50g) ,30kcal,"0,00g","6,00g","2,00g"
311,Jamon Cocido,,por 2 fetas (40g) ,40kcal,"1,40g","0,00g","6,60g"
312,Cacahuate Cacao Power,Vivet,por 1 vaso (200ml) ,154kcal,"8,00g","15,00g","5,20g"
313,Trufas Surtidas,Havanna,por 2 1/2 unidades (25g) ,122kcal,"7,00g","12,00g","2,00g"
314,Chocolate en Leche,Lindt,por 1 taza ,192kcal,"5,82g","26,58g","8,80g"
315,Chocolate 85% Cacao,Crudencio,por 100g ,530kcal,"46,00g","19,00g","11,00g"
316,Cookies Cacao,Ysonut,por 1 porción (30g) ,106kcal,"6,30g","10,10g","5,00g"
317,Bebida Sabor Cacao,Ravana,por 1 sobre (28g) ,104kcal,"2,00g","3,00g","18,00g"
318,Cacao Instantáneo,Zucoa,por 1 porción (20g) ,78kcal,"0,00g","18,00g","1,00g"
319,Chocolate con Leche,Nesquik,por 1 taza ,190kcal,"5,25g","28,88g","7,70g"
320,Licuado Sabor Frutilla,,por 2 cucharadas de sopa (20g) ,76kcal,"0,00g","19,00g","0,00g"
321,Leche Chocolatada,,por 1 vaso (200ml) ,117kcal,"1,90g","19,00g","5,70g"
322,Chocolate con Leche sin Azúcar Agregada,Georgalos,por 1 tableta (30g) ,142kcal,"10,00g","11,00g","3,00g"
323,Chicle sin Azúcar,Beldent,por 2 unidades (3g) ,5kcal,"0,00g","2,20g","0,00g"
324,Café Tostado Molido Libre de Azúcar ,Cabrales,por 100g ,418kcal,"8,00g","76,00g","10,00g"
325,Chocolate Amargo sin Azucar Agregada,Georgalos,por 1/4 tableta (25g) ,130kcal,"10,00g","8,50g","1,40g"
326,Dulce de Leche sin Azúcar,San Ignacio,por 1 cucharada (20g) ,50kcal,"0,70g","10,00g","0,90g"
327,Cereales y Semillas,Fargo,por 1 1/2 rebanadas (50g) ,124kcal,"2,40g","20,00g","5,20g"
328,Barra de Cereal Durazno Light,Cereal Mix,por 1 barrita (23g) ,66kcal,"0,70g","16,00g","1,00g"
329,Galletas de Cereales Inflados Multicereal,Grandiet,por 100g ,387kcal,"7,90g","69,00g","10,00g"
330,Barra de Cereales con Naranja ,Cereanola,por 1 barra (21g) ,63kcal,"1,50g","13,00g","0,90g"
331,Barra de Cereales con Frutilla,Ser,por 1 barra (23g) ,61kcal,"1,40g","14,00g","1,20g"
332,Barra de Cereales con Manzana ,Great Value,por 1 barra (21g) ,84kcal,"2,20g","15,00g","0,90g"
333,Yogurisimo Descremado Cereales con Miel,La Serenísima,por 1 porción (166g) ,148kcal,"0,00g","29,00g","8,00g"
334,Galletas de Cereales Inflados Multicereal Dulces,Grandiet,por 100g ,369kcal,"4,20g","74,00g","8,80g"
335,Granola,Cereal Mix,por 1 barra (25g) ,103kcal,"3,80g","15,00g","2,10g"
336,Jardinera de Cereales y Legumbres,Egran,por 1/4 taza de té (50g) ,161kcal,"0,70g","30,00g","8,60g"
337,Galletas de Azúcar (Incluye Vainilla),,por 1 galleta ,72kcal,"3,16g","10,18g","0,76g"
338,Galletas (con Relleno de Vainilla),,por 1 roscón ,48kcal,"2,00g","7,21g","0,45g"
339,Galletas de Chocolate (con Mantequilla),,por 1 mediana ,78kcal,"4,54g","9,31g","0,91g"
340,Pasta de Trigo Entero Seco,,por 100 g ,348kcal,"1,40g","75,03g","14,63g"
341,Pizza de Pepperoni (36 Cm),,por 1 tajada ,298kcal,"12,13g","33,98g","13,32g"
342,"Sustituto de Crema (Ligero, Líquido)",,por 1 taza ,167kcal,"8,47g","22,02g","1,94g"
343,Crema Agria (de Cultivo),,por 1 cucharada ,26kcal,"2,52g","0,51g","0,38g"
344,Fondue de Queso,,por 1 taza ,492kcal,"28,96g","8,11g","30,59g"
345,Corazón de Pollo,,por 100 g ,153kcal,"9,33g","0,71g","15,55g"
346,Carne Molida de Avestruz,,por 100 g ,165kcal,"8,70g","0,00g","20,22g"
347,Barras de Granola Blandes,Orann,por 1 barra ,124kcal,"4,82g","18,84g","2,07g"
348,Barras de Granola Duras,Granix,por 1 barra ,118kcal,"4,95g","16,10g","2,52g"
349,Barras Blandas de Granola con Chispas de Chocolate,Integralia,por 1 barra ,181kcal,"7,14g","29,71g","3,14g"
350,Turrón Natural,Archimboldo,por 100g ,538kcal,"40,00g","26,00g","16,40g"
351,Pétalos de Cereales,Frutigran,por 1 taza (30g) ,113kcal,"0,20g","25,00g","2,80g"
352,Galletitas Integrales con Salvado y Limón ,Great Value,por 5 galletitas (30g) ,117kcal,"4,20g","17,00g","2,80g"
353,Granola Crocante con Semillas,Kos Food,por 1/2 taza (50g) ,141kcal,"6,10g","18,20g","5,30g"
354,Granola Cacao y Avellanas,,por 3 galletitas (28g) ,119kcal,"5,10g","16,00g","2,20g"
355,Granola Multifrutas,,por 1/2 taza (40g) ,157kcal,"5,00g","24,00g","3,50g"
356,Granola Tropical,,por 1/3 taza (40g) ,157kcal,"4,30g","24,00g","4,30g"
357,Bizcocho Escarchado o Relleno (sin Chocolate),Danette,por 100 g ,364kcal,"11,40g","63,90g","3,10g"
358,Chocolate con Leche,,por 1 taza ,190kcal,"5,25g","28,88g","7,70g"
359,Croissant de Chocolate,,por 1 croissant ,237kcal,"13,75g","25,19g","4,94g"
360,Yogur Helado de Chocolate,,por 1 taza ,226kcal,"3,90g","43,22g","10,48g"
361,Chocolate con Leche Descremada,,por 1 taza ,140kcal,"0,70g","27,22g","8,55g"
362,Helado en un Palo Cubierto de Chocolate,,por 1 barra ,171kcal,"12,50g","14,36g","1,66g"
363,Enjambre de Chocolate,,por 1 enjambre ,232kcal,"5,74g","42,44g","3,87g"
364,Cono de Chocolate,,por 1 cono y barquillo ,173kcal,"7,43g","24,77g","3,18g"
365,Chispas de Chocolate,,por 100 g ,479kcal,"30,00g","63,10g","4,20g"
366,Postre Chocolate,,por 1 pote (95g) ,144kcal,"5,20g","21,00g","3,30g"
367,Maxialfajor,Jorgelin,por 1 alfajor (85g) ,336kcal,"13,00g","46,00g","4,70g"
368,Galletita de Mousse,Balcarce,por 1 galletita (14g) ,67kcal,"3,40g","8,30g","0,70g"
369,Alfajor Chocolate Light,Epuyen,por 1 porción (50g) ,170kcal,"6,00g","28,00g","5,00g"
370,Alfajor,Cabsha,por 1 alfajor (47g) ,195kcal,"7,60g","28,00g","3,20g"
371,Mini Alfajor,Solitas,por 3 galletitas (30g) ,152kcal,"5,40g","24,00g","1,80g"
372,Alfajor Triple,Terrabusi,por 1 alfajor (70g) ,270kcal,"9,30g","41,00g","4,60g"
373,Mini Alfajor Chocolate Blanco ,Havanna,por 1 aljajor (25g) ,99kcal,"3,00g","17,00g","1,60g"
374,Alfajor Block,Cofler,por 1 alfajor (60g) ,309kcal,"18,00g","30,00g","6,70g"
375,Rapsodia Mini Torta,Nevares,por 1 unidad (80g) ,296kcal,"10,00g","48,00g","3,00g"
376,Alfajor Blanco,Havanna,por 1 alfajor (47g) ,160kcal,"3,80g","29,00g","2,60g"
377,Leche Entera Extra Calcio,SanCor,por 1 vaso (200ml) ,116kcal,"6,00g","9,60g","6,00g"
378,Leche Evaporada,Apóstoles,por 1 taza ,338kcal,"19,05g","25,30g","17,16g"
379,Leche (sin Grasa),Cooperativa,por 1 taza ,86kcal,"0,44g","11,88g","8,35g"
380,Yogur de Frutas con Leche Entera,,por 1 envase de 170 g ,202kcal,"5,51g","31,67g","7,28g"
381,Chocolate con Leche (Semidescremada),,por 1 taza ,158kcal,"2,50g","26,10g","8,10g"
382,Leche Entera,,por 100ml ,58kcal,"3,00g","4,80g","3,00g"
383,Leche Entera Larga Vida,,por 1 vaso (200ml) ,116kcal,"6,00g","9,60g","6,00g"
384,Crema de Leche,,por 1 cucharada ,52kcal,"5,55g","0,42g","0,31g"
385,Queso Mozzarella de Leche Entera (con Toda Su Crema),,por 1 tajada ,85kcal,"6,34g","0,62g","6,29g"
386,"Suero de Leche (Baja en Grasa, Cultivado)",,por 1 taza ,98kcal,"2,16g","11,74g","8,11g"
387,Leche en Polvo Descremada,Manfrey,por 2 cucharadas soperas (20g) ,72kcal,"0,20g","11,00g","7,10g"
388,Leche Descremada + Fibra,Ilolay,por 1 vaso (200ml) ,64kcal,"0,00g","9,60g","6,30g"
389,Leche (2% Baja en Grasa con Adición de Vitamina a y Proteínas),La Serenísima,por 1 taza ,138kcal,"4,87g","13,51g","9,72g"
390,Leche Descremada,Nestlé,por 1 sobre (5g) ,18kcal,"0,10g","2,60g","1,80g"
391,Helado Kitkat,La Lácteo,por 1 unidad (61g) ,215kcal,"14,00g","20,00g","2,60g"
392,Leche Parcialmente Descremada,SanCor,por 1 vaso (200ml) ,80kcal,"2,00g","9,60g","6,00g"
393,Leche Parcialmente Descremada Reducida en Lactosa,La Serenísima,por 100ml ,45kcal,"1,50g","4,80g","3,00g"
394,Fácil Digestión Multifruta,Conaprole,por 1 vaso (200g) ,40kcal,"0,10g","8,70g","1,20g"
395,Yogurt Vital+,,por 1 porción (200g) ,71kcal,"0,00g","10,00g","7,70g"
396,Lácteos (1% Baja en Grasas con Adición de Vitamina a),,por 1 taza ,102kcal,"2,37g","12,18g","8,22g"
397,Dulce de Leche,,por 100 g ,310kcal,"5,63g","61,98g","5,15g"
398,Chocolate y Azúcar (con Leche Descremada),,por 1 taza ,158kcal,"0,70g","29,97g","8,60g"
399,Chocolate con Leche,,por 1 taza ,190kcal,"5,25g","28,88g","7,70g"
400,Capuchino con Leche Descremada,,por 1 taza de café ,34kcal,"0,19g","4,65g","3,23g"
401,Batido de Leche,,por 1 batido ,382kcal,"13,84g","56,91g","9,03g"
402,Bollo de Leche,,por 1 unidad ,266kcal,"10,15g","35,78g","7,50g"
403,Café con Leche,,por 1 mediano ,135kcal,"5,51g","12,36g","8,81g"
404,Leche de Grasa Reducida,,por 1 taza ,122kcal,"4,81g","11,42g","8,05g"
405,Leche de Almendras,,por 1 taza ,40kcal,"3,58g","1,40g","1,51g"
406,Leche Baja en Grasa,,por 1 taza ,102kcal,"2,37g","12,18g","8,22g"
407,Leche Entera en Polvo,Cotar,por 1 porción (25g) ,126kcal,"6,70g","10,00g","6,50g"
408,Leche en Polvo Descremada,Santa Elena,por 1 porción (18g) ,62kcal,"0,00g","9,50g","5,90g"
409,Puré de Papas (Leche Entera y Margarina Adicionadas),Milkaut,por 1 taza ,237kcal,"8,80g","35,51g","4,20g"
410,Leche (sin Grasa),Santa Elena,por 1 taza ,86kcal,"0,44g","11,88g","8,35g"
411,"Aceite de  Mantequilla Vegetal para Untar (Baja en Calorías, Salada)",Ilolay,por 1 cucharada ,63kcal,"7,00g","0,14g","0,14g"
412,Leche en Polvo Descremada,Verónica,por 3 cucharadas soperas (20g) ,72kcal,"0,30g","10,00g","7,00g"
413,Leche Entera en Polvo,,por 2 1/2 cucharada sopera (27g) ,131kcal,"7,00g","10,00g","7,00g"
414,"Maíz Amarillo Dulce (Granos en la Mazorca, sin Sal, Congelados, Escurridos, en Conserva)",,"por 1 mazorca, producto ",59kcal,"0,47g","14,07g","1,96g"
415,Leche en Polvo Descremada,,por 1 sobre (5g) ,18kcal,"0,00g","2,60g","1,80g"
416,Leche en Polvo Descremada,,por 2 cucharadas soperas (18g) ,65kcal,"0,20g","9,50g","6,30g"
417,Choclo Amarillo Entero,Jumbo,por 1 porción (130g) ,110kcal,"2,20g","18,00g","4,50g"
418,Yogur Entero Batido,Ilolay,por 1 porción (120g) ,118kcal,"3,40g","17,00g","4,90g"
419,Yogurt Batido Entero,Milkaut,por 1 vaso (200g) ,184kcal,"5,40g","26,00g","8,00g"
420,Choclo Amarillo Entero,Great Value,por 1 taza de té (103g) ,54kcal,"1,00g","8,20g","3,10g"
421,Yogur Entero Batido,Dia,por 1 porción (125g) ,124kcal,"3,50g","18,00g","5,10g"
422,Pan de Trigo Entero,El Pan del Peregrino,por 1 rodaja (25g) ,44kcal,"0,00g","9,00g","1,80g"
423,Yogur Entero de Arándano,Tregar,por 1 pote (160g) ,159kcal,"4,00g","25,00g","5,80g"
424,Huevo Entero en Polvo,Ovoprot,por 1  cucharada sopera  (13g) ,72kcal,"5,00g","0,50g","6,20g"
425,Yogur Entero con Cereales,Ilolay,por 1 pote (165g) ,202kcal,"4,30g","34,00g","6,70g"
426,Yogurt Entero Firme Frutilla,Ilolay,por 1 pote (120g) ,113kcal,"3,50g","15,00g","5,40g"
427,Yogur Descremado Batido,Dia,por 1 porción (125g) ,53kcal,"0,00g","7,50g","5,30g"
428,Queso Blanco Descremado ,Jumbo,por 1 porción (50g) ,29kcal,"1,80g","0,00g","3,30g"
429,Yogur Descremado Arándano,Tregar,por 1 pote (160g) ,82kcal,"0,00g","14,00g","6,50g"
430,Queso Blanco Descremado,Festa,por 1 porción (30g) ,55kcal,"2,30g","0,90g","7,70g"
431,Yogur Descremado Batido,Ilolay,por 1 unidad (120g) ,49kcal,"0,00g","7,20g","5,00g"
432,Yogur Descremado Firme,Carrefour,por 1 pote (125g) ,54kcal,"0,00g","7,50g","5,60g"
433,Yogur Descremado Frutilla,Dia,por 1 taza (200g) ,85kcal,"0,60g","12,00g","8,00g"
434,Yogur Descremado Frutilla ,Dahi,por 1 frasquito (200g) ,192kcal,"0,00g","40,00g","7,80g"
435,Yogurt Firme Descremado,Manfrey,por 1 porción (140g) ,56kcal,"0,30g","7,00g","5,30g"
436,Yogur Parcialmente Descremado,Ramolac,por 1 pote (125g) ,102kcal,"2,50g","16,30g","3,50g"
437,Medialuna de Manteca,McDonald's,por 1 porción (37g) ,121kcal,"5,20g","17,00g","2,00g"
438,Queso Mozzarella de Leche Entera (con Toda Su Crema),,por 1 tajada ,85kcal,"6,34g","0,62g","6,29g"
439,Leche (2% Baja en Grasa con Adición de Vitamina a y Proteínas),,por 1 taza ,138kcal,"4,87g","13,51g","9,72g"
440,Queso Ricotta (Leche Entera),,por 100 g ,174kcal,"12,98g","3,04g","11,26g"
441,Leche con Chocolate (Completa),,por 1 taza ,208kcal,"8,48g","25,85g","7,92g"
442,Pan de Maíz (con Bajo Contenido de Grasa (2%) de la Leche),,por 100 g ,266kcal,"7,10g","43,50g","6,70g"
443,Sándwich de Galletas de Chocolate (con Crema de Relleno),,por 1 galleta ,47kcal,"1,91g","7,16g","0,53g"
444,Panecillos de Salvado de Avena,,por 1 mediano ,305kcal,"8,36g","54,58g","7,91g"
445,Granos Secos de Semillas de Girasol,,por 100 g ,570kcal,"49,57g","18,76g","22,78g"
446,Pan de Trigo (Incluye Bayas de Trigo),,por 1 tajada ,65kcal,"1,02g","11,80g","2,28g"
447,Galletas (con Relleno de Mantequilla de Maní),,"por 1 galleta, bocadillo ",35kcal,"1,72g","4,09g","0,80g"
448,Sopa de Huevo Estrellado,,por 1 taza ,73kcal,"3,83g","1,10g","7,52g"
449,Tortilla de Huevos o Huevos Revueltos con Queso,,por 1 grande ,140kcal,"10,37g","2,23g","9,15g"
450,"Ensalada de Lechuga con Huevo, Queso, Tomate y/o Zanahoria",,por 1 ensalada al Jardín ,123kcal,"7,41g","7,41g","7,86g"
451,Perico,,por 1 porción ,171kcal,"11,82g","3,65g","12,11g"
452,Huevos Benedictinos,,por 1 grande ,428kcal,"33,48g","12,90g","18,54g"
453,Tortilla de Huevos o Huevos Revueltos con Verduras,,por 1 grande ,106kcal,"7,34g","2,38g","7,22g"
454,Huevo Escalfado,,por 1 grandes ,73kcal,"4,95g","0,38g","6,26g"
455,Ensalada de Huevo,,por 1 taza ,706kcal,"67,18g","4,28g","20,42g"
456,Rosquillas de Huevo,,por 1 mini ,72kcal,"0,55g","13,78g","2,76g"
457,Rollo de Huevo sin Carne,,por 1 rollo de huevo ,100kcal,"5,80g","9,73g","2,60g"
458,Ensalada de Papas con Huevo,Pehuamar,por 1 taza ,262kcal,"13,61g","30,80g","5,35g"
459,"Papas a la Francesa (Prefritas, Congeladas)",McCain,"por 1 porción de 10 tiras (2,5 cm ",5 cm) -  112kcal,"5,96g","13,14g","1,32g"
460,Tapa de Asado,McDonald's,por 100 g ,213kcal,"15,02g",0g,"19,00g"
461,Papas a la Francesa Apanadas o Soteadas,,por 1 porción de 10 papas rizadas ,171kcal,"10,39g","16,50g","3,09g"
462,Estofado de Ternera con Papas y Verduras (con Zanahorias y Brócoli en Salsa de Tomate),,por 1 taza ,222kcal,"9,73g","19,53g","13,86g"
463,Estofado de Carne con Papas y Verduras en Salsa de Tomate,,por 1 taza ,207kcal,"5,75g","21,90g","16,63g"
464,"Pollo o Pavo y Verduras en Salsa de Soja (Incluyendo Zanahorias y Brócoli, sin Papas)",,por 1 taza ,180kcal,"8,59g","9,28g","15,86g"
465,Papas Fritas,,por 1 taza de té (25g) ,127kcal,"6,70g","15,00g","1,60g"
466,Papas Caritas,,por 100g ,175kcal,"6,20g","26,00g","2,40g"
467,Papas Fritas (Pequeñas),,por 1 porción (73g) ,206kcal,"11,00g","25,00g","2,90g"
468,"Margarina (de Aceite Vegetal, al 20% de Grasa)",,por 1 cucharada ,26kcal,"2,92g","0,06g","0,00g"
469,Aderezo de Ensalada Mil Islas (Libre de Grasa),,por 1 cucharada ,21kcal,"0,23g","4,68g","0,09g"
470,Aderezo de Ensalada Italiana (Libre de Grasa),,por 1 cucharada ,7kcal,"0,12g","1,22g","0,14g"
471,"Paté de Hígado de Ganso (Ahumado, Enlatado)",,por 1 cucharada ,60kcal,"5,70g","0,61g","1,48g"
472,"Cecina de Pecho de Res (Salados, Cocidos)",,por 100 g ,251kcal,"18,98g","0,47g","18,17g"
473,"Costillas de Res (Bordes Cortados con 0,3 Cm de Grasa)",,por 100 g ,254kcal,"19,06g","0,00g","19,33g"
474,"Lomo de Ternera Superior (que Se Corta a 0,3 Cm de Grasa)",,por 100 g ,228kcal,"15,49g","0,00g","20,61g"
475,"Lomito de Res (Cortado a 0,3 Cm de Grasa)",,por 100 g ,247kcal,"18,16g","0,00g","19,61g"
476,"Carne de Res Molida (Hamburguesas, 23% de Grasa Aprox., Empanadas Congeladas)",,por 100 g ,282kcal,"23,19g","0,00g","17,11g"
477,Semillas de Calabaza Secas y Granos de Calabaza,,por 100 g ,541kcal,"45,85g","17,81g","24,54g"
478,Pan de Maíz (Bollo de Maíz) (Mezcla Seca),,por 100 g ,418kcal,"12,20g","69,50g","7,00g"
479,Barras de Granola Blandas Recubiertas con Chispas de Chocolate,,por 1 barra ,163kcal,"8,72g","22,33g","2,03g"
480,Palomitas de Maíz,,por 1 taza ,31kcal,"0,36g","6,22g","1,04g"
481,Palomitas de Maíz (Hechas en Microondas),,por 1 taza ,60kcal,"3,63g","6,33g","0,82g"
482,Palomitas de Maíz con Sabor a Queso,,por 1 taza ,58kcal,"3,65g","5,68g","1,02g"
483,"Mezcla de Frutas Secas con Trocitos de Chocolate, Nueces y Semillas Saladas",,por 100 g ,484kcal,"31,90g","44,90g","14,20g"
484,Pastel de Chocolate (con Escarcha de Chocolate),,por 1 trozo ,235kcal,"10,50g","34,94g","2,62g"
485,Galletas de Mantequilla de Maní,,por 1 galleta ,72kcal,"3,54g","8,84g","1,44g"
486,Galletas (con Relleno de Mantequilla de Maní),,"por 1 galleta, bocadillo ",35kcal,"1,72g","4,09g","0,80g"
487,Pan de Trigo (Incluye Bayas de Trigo),,por 1 tajada ,65kcal,"1,02g","11,80g","2,28g"
488,Seitan,Vegantime,por 1 porción (40g) ,53kcal,"0,00g","3,40g","9,60g"
489,Salchicha o Hot Dog,Granja Iris,por 1 salchicha ,175kcal,"14,89g","2,54g","7,22g"
490,Salchichas Light ,Vegetalex,por 1 1/4 unidades (40g) ,55kcal,"2,00g","3,90g","5,30g"
491,Salchichas de Soja,La Anónima,por 1 1/2 unidades (50g) ,40kcal,"0,00g","3,90g","6,20g"
492,Salchicha o Perro Caliente con Salsa de Tomate y / o Mostaza,Friolim,por 1 salchicha en pan ,284kcal,"16,59g","22,85g","10,24g"
493,Salchichón Tipo Primavera,Patyviena,por 3 fetas (40g) ,68kcal,"4,00g","4,00g","4,00g"
494,Salchichas Polacas,,por 1 salchicha ,704kcal,"61,63g","4,86g","30,10g"
495,Salchicha Tipo Salzburgo,,por 1 porción (50g) ,103kcal,"9,80g","5,90g","5,80g"
496,Salchicha Alemana,,por 1 salchicha (63g) ,149kcal,"12,00g","1,90g","8,90g"
497,Chorizos,,"por 1 tira (8,5 cm de largo) ",200kcal,"16,84g","0,82g","10,60g"
498,Macarrones o Fideos con Queso (Mezclar en Caja con Salsa de Queso),Carrefour,por 1 taza ,386kcal,"11,59g","54,29g","15,28g"
499,Quiche de Queso sin Carne,,por 1 trozo ,566kcal,"43,99g","26,73g","16,67g"
500,"Sánduche de Pollo con Queso, Lechuga y Tomate en Pan de Pita",,por 1 sándwich de pita ,310kcal,"12,21g","28,13g","21,73g"
501,Ravioles 4 Quesos,,por 100g ,268kcal,"5,00g","46,00g","9,20g"
502,Sánduche de Queso a la Plancha,,por 1 sánduche ,291kcal,"15,77g","27,85g","9,16g"
503,Hamburguesa de Pollo Apanado con Queso,,por 1 empanada ,206kcal,"12,34g","12,03g","11,61g"
504,Queso de Soja Extra Firme,,por 1 tajada ,46kcal,"1,60g","1,68g","6,22g"
505,Hamburguesa con Queso ,,por 1 hamburguesa con Queso ,317kcal,"14,56g","27,86g","17,25g"
506,Pizza de Queso (36 Cm),,por 1 tajada ,272kcal,"9,80g","33,56g","12,27g"
507,"Hamburguesa de 1/4 de Libra, con Queso",,por 1 hamburguesa con queso ,552kcal,"29,90g","35,46g","33,17g"
508,Chimichanga con Carne y Queso,,por 1 chimichanga ,443kcal,"23,44g","39,33g","20,06g"
509,Enchilada de Queso y Carne,,por 1 enchilada ,323kcal,"17,64g","30,47g","11,92g"
510,Sánduche de Carne Asada con Queso,,por 1 sánduche ,473kcal,"18,00g","45,37g","32,23g"
511,Sánduche de Carne,,por 1 sánduche ,459kcal,"14,08g","51,96g","30,33g"
512,Pizza de Carne y Verduras (36 Cm),,por 1 tajada ,332kcal,"14,82g","34,52g","14,99g"
513,Chili con Carne con Frijoles Plato Principal (Enlatados),,por 1 taza ,298kcal,"12,94g","28,12g","17,44g"
514,Carne de Pollo (Asada),,por 100 g ,111kcal,"2,70g","0,00g","20,33g"
515,"Carne de Pollo (Tostado, Asado, Cocido)",,"por 1 taza, picada o en cubitos ",234kcal,"9,28g","0,00g","35,01g"
516,Carne de Pollo Magra (Asada),,por 100 g ,109kcal,"1,63g","0,00g","22,20g"
517,"Carne de Pollo Magra (a la Parrilla, Asada, Cocida)",,por 100 g ,153kcal,"4,07g","0,00g","27,13g"
518,Pollo Teriyaki,Green Eat,por 100 g ,149kcal,"2,85g","6,04g","21,14g"
519,Nuggets de Pollo Bajos en Grasa,,por 1 trozo ,35kcal,"1,14g","2,48g","3,47g"
520,Carne de Pollo (Asada),,por 100 g ,111kcal,"2,70g","0,00g","20,33g"
521,Alitas de Pollo al Horno o Fritas con la Piel (Comiendo la Piel),,por 1 pequeña ,137kcal,"9,16g","4,64g","8,45g"
522,Roll de Pollo,,por 1 porción ,609kcal,"31,00g","37,00g","37,00g"
523,Pollo al Maní,,por 1 taza ,300kcal,"7,41g","37,33g","21,46g"
524,Hamburguesa de Pollo,,por 1 hamburguesa ,142kcal,"7,35g",0g,"17,84g"
525,Pernil de Pollo,,por 1 pequeño ,135kcal,"8,45g",0g,"13,67g"
526,Pollo Frito (Comiendo la Piel),,por 1 tajada delgada ,18kcal,"1,07g",0g,"2,00g"
527,Pechuga de Pollo Empanada,,por 100 g ,297kcal,"18,82g","16,32g","15,59g"
528,Salchichón,Paladini,por 1 porción ,127kcal,"10,50g","0,59g","6,94g"
529,Flamenquín,,por 1 porción ,424kcal,"15,15g","37,47g","31,84g"
530,Presa Ibérica,,por 100 g ,216kcal,"13,95g",0g,"21,11g"
531,Chorizos,,"por 1 tira (8,5 cm de largo) ",200kcal,"16,84g","0,82g","10,60g"
532,Paleta de Cerdo Cocida,,por 1 feta (33g) ,32kcal,"1,20g","0,00g","5,00g"
533,Chicharrón Prensado,,por 100 g ,400kcal,"36,98g",0g,"15,61g"
534,Pincho Moruno,,por 1 pincho ,293kcal,"20,70g","1,25g","24,14g"
535,Rebanadas de Jamón,,por 1 tajada ,34kcal,"1,76g","0,48g","3,83g"
536,Oreja de Cerdo,,por 1 oreja ,184kcal,"11,99g","0,22g","17,70g"
537,Salchicha de Carne de Cerdo Fresca,,por 1 porción de 2 tiras ,170kcal,"14,86g","0,00g","8,45g"
538,Melón Galia,,por 100 g ,23kcal,"0,20g","5,58g","0,62g"
539,Melones Cantaloupe,,"por 1 taza, bolas ",60kcal,"0,34g","14,44g","1,49g"
540,Maracuyá,,por 1 fruta ,17kcal,"0,13g","4,21g","0,40g"
541,Manzana de Agua,,por 100 g ,25kcal,"0,30g","5,70g","0,60g"
542,Piña,,"por 1 taza, cubitos ",74kcal,"0,19g","19,58g","0,84g"
543,Guindas Rojas Ácidas,,por 1 taza ,52kcal,"0,31g","12,55g","1,03g"
544,Moras,,por 1 taza ,62kcal,"0,71g","13,84g","2,00g"
545,Yaca,,por 100 g ,94kcal,"0,30g","24,01g","1,47g"
546,Peras Asiáticas,,"por 1 fruta 5,5 cm de alto x 6,5 cm de diámetro ",51kcal,"0,28g","12,99g","0,61g"
547,Tamarindo,,por 1 fruta ,5kcal,"0,01g","1,25g","0,06g"
548,Alcachofas Cocidas (Frescas),,por 1 globo mediano ,84kcal,"2,86g","13,59g","4,21g"
549,"Guisantes (Dreanados, Enlatados)",,por 100 g ,69kcal,"0,35g","12,58g","4,42g"
550,Chirivías,,por 100 g ,75kcal,"0,30g","17,99g","1,20g"
551,Okra,,por 1 taza ,31kcal,"0,10g","7,03g","2,00g"
552,Bellotas de Calabaza Invierno,,"por 1 taza, cubitos ",56kcal,"0,14g","14,59g","1,12g"
553,Puré de Verduras,,por 1 taza ,199kcal,"7,09g","31,00g","5,02g"
554,Tomates Rojos (Enlatados),,por 1 taza ,41kcal,"0,31g","9,38g","1,92g"
555,Snowpeas (Vaina de Guisante),,por 1 taza ,26kcal,"0,13g","4,76g","1,76g"
556,Papa Dulce,,por 100 g ,86kcal,"0,05g","20,12g","1,57g"
557,Arvejas Verdes Cocidas,,"por 1 taza, productos frescos, congelados o enlatados ",167kcal,"4,04g","25,01g","8,55g"
558,"Yogur de Frutas (Bajo en Grasa, Proteína 11G por 8 Oz)",,por 1 envase (225 g) ,238kcal,"3,20g","42,22g","11,03g"
559,Frutos Tostados en Seco (con Maní Salado),,por 100 g ,594kcal,"51,45g","25,35g","17,30g"
560,Champiñones Blancos (Fritos),,"por 1 taza, con rodajas ",28kcal,"0,36g","4,36g","3,87g"
561,Fideos Secos de Huevo,,por 1 taza ,146kcal,"1,69g","27,08g","5,38g"
562,Frutos Secos de Pino,,por 100 g ,673kcal,"68,37g","13,08g","13,69g"
563,Semillas Secas de Sésamo Integrales,,por 1 cucharada ,52kcal,"4,47g","2,11g","1,60g"
564,Pistachos Tostados en Seco (Salados),,por 100 g ,568kcal,"45,97g","26,78g","21,35g"
565,Salami de Cerdo (Seco o Duro),,por 1 tajada ,41kcal,"3,37g","0,16g","2,26g"
566,"Ensalada de Frutas Tropicales (Papaya Banano Piña y Guayaba, Sólidos y Líquidos, Almíbar en Conserva, Enlatados)",,por 1 taza ,221kcal,"0,26g","57,47g","1,05g"
567,Pastel Hecho con Arroz Glutinoso y Fríjoles Secos,,por 1 trozo ,30kcal,"0,05g","6,02g","1,25g"
568,Pan de Lino,La Salteña,por 100 g ,327kcal,"8,23g","51,72g","11,15g"
569,Pan de Centeno,Lucchetti,por 1 tajada normal ,67kcal,"0,86g","12,56g","2,21g"
570,Bollo de Leche,,por 1 unidad ,266kcal,"10,15g","35,78g","7,50g"
571,Migas,,por 1 porción ,1008kcal,"64,35g","59,63g","45,54g"
572,Pan de Pita Tostado,,por 1 pequeño ,79kcal,"0,34g","15,91g","2,60g"
573,Tostadas de Pan Integral,,por 1 tajada normal ,68kcal,"1,06g","12,32g","2,39g"
574,Pan de Queso,,por 1 tajada ,71kcal,"1,24g","12,52g","2,21g"
575,Pan de Pueblo,,por 1 tajada normal ,66kcal,"0,84g","12,55g","2,22g"
576,Pan Lacteado,,por 1 porción (50g) ,121kcal,"1,30g","22,00g","5,20g"
577,Tortas Fritas,,por 3 cucharadas soperas (27g) ,92kcal,"1,20g","18,00g","2,50g"
578,Pan Integral,,por 1 tajada ,69kcal,"1,18g","12,91g","2,72g"
579,Pan Italiano,,"por 1 tajada, tamaño medio ",54kcal,"0,70g","10,00g","1,76g"
580,Pan Integral de Centeno,,"por 1 tajada, tamaño medio ",65kcal,"0,81g","12,35g","2,26g"
581,Pan de Pita Blanca,,por 1 grande ,165kcal,"0,72g","33,42g","5,46g"
582,Pan de Salvado,,por 1 rebanada ,71kcal,"1,32g","11,94g","3,12g"
583,Pan de Centeno Tostado,,"por 1 tajada, tamaño medio ",68kcal,"0,86g","12,74g","2,26g"
584,Palitos de Pan,,"por 1 barra (19,5 cm x 1,5 cm) ",41kcal,"0,95g","6,84g","1,20g"
585,Pan de Pasas,,por 1 tajada ,71kcal,"1,14g","13,60g","2,05g"
586,Pan Francés con Mantequilla,,por 2 tajadas ,356kcal,"18,76g","36,04g","10,34g"
587,Pan Integral Tostado,,por 1 tajada ,128kcal,"2,48g","23,69g","3,86g"
588,Not Chicken Nuggets,Not Co,por 9 unidades  (130g) ,306kcal,"14,00g","30,00g","15,00g"
589,Nuggets Crocantes (130g),Granja del Sol,por 1 porción  (130g) ,360kcal,"22,00g","21,00g","19,00g"
590,Nuggets de Pollo,Paladini,por 7 nuggets (130g) ,263kcal,"11,00g","22,00g","18,00g"
591,Nuggets de Brócoli ,Frizata,por 3 unidades (85g) ,191kcal,"7,00g","26,00g","6,00g"
592,Nuggets de Pollo,Frizata,por 5 unidades (130g) ,239kcal,"11,00g","14,00g","21,00g"
593,Nuggets de Pollo Crocantes,Sadia,por 6 unidades (130g) ,313kcal,"17,00g","23,00g","16,00g"
594,Nuggets de Pollo con Queso,Sadia,por 10 unidades (130g) ,304kcal,"16,00g","23,00g","17,00g"
595,Nuggets de Poroto Negro a la Mostaza,Molé,por 1/4 paquete (50g) ,144kcal,"1,10g","25,00g","8,30g"
596,Nuggets de Pollo con Jamon,Sadia,por 6 unidades (130g) ,280kcal,"16,00g","16,00g","18,00g"
597,Vegan Nuggets de Garbanzos y Quinoa,Green Kitchen,por 3 porciones del paquete (100g) ,265kcal,"13,00g","25,00g","12,00g"
598,Moras Congeladas,,por 1 taza ,97kcal,"0,65g","23,66g","1,78g"
599,"Maíz Dulce (Granos de Mazorca, Congelados)",,por 1/2 taza ,72kcal,"0,63g","17,06g","2,48g"
600,Tortillas de Papa,,"por 1 pequeña, 7 cm de diámetro 1,5 cm de espesor ",59kcal,"3,24g","6,14g","1,33g"
601,"Barras Pasra Desayunar (Avena, Azúcar, Pasas, Coco, Granola Incluyen Bar)",,por 1 barra ,200kcal,"7,57g","28,68g","4,21g"
602,Pastel de Papas,,por 1 taza ,300kcal,"13,56g","20,41g","23,73g"
603,Papas Deshidratadas,,por 1 porción ,102kcal,"5,37g","12,75g","1,31g"
604,Frambuesas Congeladas sin Endulzante,,por 1 taza ,130kcal,"1,62g","29,85g","3,00g"
605,Cerezas Congeladas,,por 1 porción de 10 ,23kcal,"0,22g","5,62g","0,47g"
606,Fresas Congeladas con Azúcar,,por 1 taza ,222kcal,"0,36g","59,82g","1,33g"
607,Fresas Congeladas,,por 1 taza ,222kcal,"0,36g","59,82g","1,33g"
608,Helado Corazón,Bon o Bon,por 1 helado (50g) ,162kcal,"11,00g","13,00g","3,00g"
609,Yogur Helado Griego,Karinat,por 1 porción (60g) ,100kcal,"1,60g","18,00g","3,40g"
610,Yogures Helados de Chocolate,Yin Yang,por 1/2 taza ,115kcal,"4,32g","17,93g","2,88g"
611,Huevo Hilado,Cindor,por 100 g ,290kcal,"14,95g","30,19g","8,94g"
612,Mijo Pelado,Freddo,por 2 cucharadas de sopa (30g) ,108kcal,"1,00g","21,00g","3,70g"
613,Helado ,Exquisita,por 1 unidad (60g) ,180kcal,"12,00g","16,00g","3,00g"
614,Tableta Rellena Con Helado De Crema Americana,Too Good,por 1 unidad (50g) ,147kcal,"9,50g","13,00g","2,30g"
615,Helado de Chocolate,,por 1 taza (50g) ,59kcal,"2,50g","7,30g","1,90g"
616,Café Helado,,por 1 taza de café ,4kcal,"0,01g","0,67g","0,19g"
617,Helado Chocolate ,,por 1 porción (60g) ,57kcal,"1,00g","10,00g","2,00g"
